{"containers":{"firefox-container-1":{"id":"firefox-container-1","cookieStoreId":"firefox-container-1","name":"Personal","icon":"fingerprint","color":"blue","colorCode":"#37adff","proxified":false,"proxy":null,"reopenRulesActive":false,"reopenRules":[],"userAgentActive":false,"userAgent":""},"firefox-container-2":{"id":"firefox-container-2","cookieStoreId":"firefox-container-2","name":"Work","icon":"briefcase","color":"orange","colorCode":"#37adff","proxified":false,"proxy":null,"reopenRulesActive":false,"reopenRules":[],"userAgentActive":false,"userAgent":""},"firefox-container-3":{"id":"firefox-container-3","cookieStoreId":"firefox-container-3","name":"Banking","icon":"dollar","color":"green","colorCode":"#37adff","proxified":false,"proxy":null,"reopenRulesActive":false,"reopenRules":[],"userAgentActive":false,"userAgent":""},"firefox-container-4":{"id":"firefox-container-4","cookieStoreId":"firefox-container-4","name":"Shopping","icon":"cart","color":"pink","colorCode":"#37adff","proxified":false,"proxy":null,"reopenRulesActive":false,"reopenRules":[],"userAgentActive":false,"userAgent":""}},"settings":{"nativeScrollbars":true,"nativeScrollbarsThin":true,"nativeScrollbarsLeft":false,"selWinScreenshots":false,"updateSidebarTitle":true,"markWindow":false,"markWindowPreface":"[Sidebery] ","ctxMenuNative":false,"ctxMenuRenderInact":true,"ctxMenuRenderIcons":true,"ctxMenuIgnoreContainers":"","navBarLayout":"horizontal","navBarInline":true,"navBarSide":"left","hideAddBtn":false,"hideSettingsBtn":false,"navBtnCount":true,"hideEmptyPanels":true,"hideDiscardedTabPanels":false,"navActTabsPanelLeftClickAction":"none","navActBookmarksPanelLeftClickAction":"none","navTabsPanelMidClickAction":"discard","navBookmarksPanelMidClickAction":"none","navSwitchPanelsWheel":true,"subPanelRecentlyClosedBar":true,"subPanelBookmarks":true,"subPanelHistory":true,"subPanelSync":false,"groupLayout":"grid","containersSortByName":false,"skipEmptyPanels":false,"dndTabAct":true,"dndTabActDelay":750,"dndTabActMod":"none","dndExp":"pointer","dndExpDelay":750,"dndExpMod":"none","dndOutside":"win","dndActTabFromLink":true,"dndActSearchTab":true,"dndMoveTabs":false,"dndMoveBookmarks":false,"searchBarMode":"dynamic","searchPanelSwitch":"same_type","searchBookmarksShortcut":"","searchHistoryShortcut":"","warnOnMultiTabClose":"collapsed","activateLastTabOnPanelSwitching":true,"activateLastTabOnPanelSwitchingLoadedOnly":true,"switchPanelAfterSwitchingTab":"always","tabRmBtn":"hover","activateAfterClosing":"next","activateAfterClosingStayInPanel":false,"activateAfterClosingGlobal":false,"activateAfterClosingNoFolded":true,"activateAfterClosingNoDiscarded":true,"askNewBookmarkPlace":true,"tabsRmUndoNote":true,"tabsUnreadMark":false,"tabsUpdateMark":"all","tabsUpdateMarkFirst":true,"tabsReloadLimit":5,"tabsReloadLimitNotif":true,"showNewTabBtns":true,"newTabBarPosition":"after_tabs","tabsPanelSwitchActMove":false,"tabsPanelSwitchActMoveAuto":true,"tabsUrlInTooltip":"full","newTabCtxReopen":false,"tabWarmupOnHover":true,"tabSwitchDelay":0,"forceDiscard":true,"moveNewTabPin":"start","moveNewTabParent":"last_child","moveNewTabParentActPanel":false,"moveNewTab":"end","moveNewTabActivePin":"start","pinnedTabsPosition":"panel","pinnedTabsList":false,"pinnedAutoGroup":false,"pinnedNoUnload":false,"pinnedForcedDiscard":false,"tabsTree":true,"groupOnOpen":true,"tabsTreeLimit":"none","autoFoldTabs":false,"autoFoldTabsExcept":"none","autoExpandTabs":false,"autoExpandTabsOnNew":false,"rmChildTabs":"folded","tabsLvlDots":true,"discardFolded":false,"discardFoldedDelay":0,"discardFoldedDelayUnit":"sec","tabsTreeBookmarks":true,"treeRmOutdent":"branch","autoGroupOnClose":false,"autoGroupOnClose0Lvl":false,"autoGroupOnCloseMouseOnly":false,"ignoreFoldedParent":false,"showNewGroupConf":true,"sortGroupsFirst":true,"colorizeTabs":false,"colorizeTabsSrc":"domain","colorizeTabsBranches":false,"colorizeTabsBranchesSrc":"url","inheritCustomColor":true,"previewTabs":false,"previewTabsMode":"p","previewTabsPageModeFallback":"n","previewTabsInlineHeight":70,"previewTabsPopupWidth":280,"previewTabsTitle":2,"previewTabsUrl":1,"previewTabsSide":"right","previewTabsDelay":500,"previewTabsFollowMouse":true,"previewTabsWinOffsetY":36,"previewTabsWinOffsetX":6,"previewTabsInPageOffsetY":0,"previewTabsInPageOffsetX":0,"previewTabsCropRight":0,"hideInact":false,"hideFoldedTabs":false,"hideFoldedParent":"none","nativeHighlight":true,"warnOnMultiBookmarkDelete":"collapsed","autoCloseBookmarks":false,"autoRemoveOther":false,"highlightOpenBookmarks":false,"activateOpenBookmarkTab":false,"showBookmarkLen":true,"bookmarksRmUndoNote":true,"loadBookmarksOnDemand":true,"pinOpenedBookmarksFolder":true,"oldBookmarksAfterSave":"ask","loadHistoryOnDemand":true,"fontSize":"m","animations":true,"animationSpeed":"norm","theme":"proton","density":"default","colorScheme":"ff","snapNotify":true,"snapExcludePrivate":false,"snapInterval":0,"snapIntervalUnit":"min","snapLimit":0,"snapLimitUnit":"snap","snapAutoExport":false,"snapAutoExportType":"json","snapAutoExportPath":"Sidebery/snapshot-%Y.%M.%D-%h.%m.%s","snapMdFullTree":false,"hScrollAction":"none","onePanelSwitchPerScroll":false,"wheelAccumulationX":true,"wheelAccumulationY":true,"navSwitchPanelsDelay":128,"scrollThroughTabs":"none","scrollThroughVisibleTabs":true,"scrollThroughTabsSkipDiscarded":true,"scrollThroughTabsExceptOverflow":true,"scrollThroughTabsCyclic":false,"scrollThroughTabsScrollArea":0,"autoMenuMultiSel":true,"multipleMiddleClose":false,"longClickDelay":500,"wheelThreshold":false,"wheelThresholdX":10,"wheelThresholdY":60,"tabDoubleClick":"none","tabsSecondClickActPrev":false,"tabsSecondClickActPrevPanelOnly":false,"tabsSecondClickActPrevNoUnload":false,"shiftSelAct":true,"activateOnMouseUp":false,"tabLongLeftClick":"none","tabLongRightClick":"none","tabMiddleClick":"close","tabPinnedMiddleClick":"discard","tabMiddleClickCtrl":"discard","tabMiddleClickShift":"duplicate","tabCloseMiddleClick":"close","tabsPanelLeftClickAction":"none","tabsPanelDoubleClickAction":"tab","tabsPanelRightClickAction":"menu","tabsPanelMiddleClickAction":"tab","newTabMiddleClickAction":"new_child","bookmarksLeftClickAction":"open_in_act","bookmarksLeftClickActivate":false,"bookmarksLeftClickPos":"default","bookmarksMidClickAction":"open_in_new","bookmarksMidClickActivate":false,"bookmarksMidClickRemove":false,"bookmarksMidClickPos":"default","historyLeftClickAction":"open_in_act","historyLeftClickActivate":false,"historyLeftClickPos":"default","historyMidClickAction":"open_in_new","historyMidClickActivate":false,"historyMidClickPos":"default","syncName":"","syncUseFirefox":true,"syncUseGoogleDrive":false,"syncUseGoogleDriveApi":false,"syncUseGoogleDriveApiClientId":"","syncSaveSettings":false,"syncSaveCtxMenu":false,"syncSaveStyles":false,"syncSaveKeybindings":false,"selectActiveTabFirst":true,"selectCyclic":false},"sidebar":{"panels":{"ncriui7qqM6b":{"type":2,"id":"ncriui7qqM6b","name":"Tabs","color":"toolbar","iconSVG":"icon_tabs","iconIMGSrc":"","iconIMG":"","lockedPanel":false,"skipOnSwitching":false,"noEmpty":false,"newTabCtx":"none","dropTabCtx":"none","moveRules":[],"moveExcludedTo":-1,"bookmarksFolderId":-1,"newTabBtns":[],"srcPanelConfig":null}},"nav":["ncriui7qqM6b","add_tp","sp-0","settings"]},"sidebarCSS":"#nav_bar{\n\tdisplay: none;\n}\n#root_container{\n\t--s-frame-bg: #000000;\n    --s-frame-fg: #fcbccd;\n\t--s-act-el-fg: #fcbccd;\n}\n.Tab{\n\t--tabs-activated-bg: #111111;\n}\n.ScrollBox{\n\t--scroll-color: #111111;\n}","ver":"5.3.3","keybindings":{"_execute_sidebar_action":"F1","next_panel":"Alt+Period","prev_panel":"Alt+Comma","new_tab_on_panel":"Ctrl+Space","new_tab_in_group":"Ctrl+Shift+Space","up":"Alt+Up","down":"Alt+Down","up_shift":"Alt+Shift+Up","down_shift":"Alt+Shift+Down","activate":"Alt+Space","reset_selection":"Alt+R"}}